Product (15),Product Line Code,Description Full,Whse 5 Primary Bin,Whse 05 Secondary Bin
P12546,EPEXFT,1-1/2 Brass F1960 EXPN PEX x FIP ADPT,D04-05CR,
P13000,EPEXFT,1/2 Brass F1960 EXPN PEX Tee,D04-05BL,
P13001,EPEXFT,3/4 Brass F1960 EXPN PEX Tee,D04-05BR,
P13002,EPEXFT,1 Brass F1960 EXPN PEX Tee,D04-05BR,
P13003,EPEXFT,1/2x1/2x3/4 Brass F1960 EXPN PEX Tee,D04-05BR,
P13004,EPEXFT,3/4x3/4x1 Brass F1960 EXPN PEX Tee,D04-05CR,
P13005,EPEXFT,1x3/4x1 Brass F1960 EXPN PEX Tee,D04-05BR,
P13006,EPEXFT,1x1x1/2 Brass F1960 EXPN PEX Tee,D04-05CR,
P13007,EPEXFT,3/4x1/2x1/2 Brass F1960 EXPN Pex Tee,D04-05BR,
P13008,EPEXFT,3/4x1/2x3/4 Brass F1960 EXPN PEX Tee,D04-05BR,
P13009,EPEXFT,3/4x3/4x1/2 Brass F1960 EXPN Pex Tee,D04-05BR,
P13010,EPEXFT,1x3/4x3/4 Brass F1960 EXPN PEX Tee,D04-05CR,
P13011,EPEXFT,1x1x3/4 Brass F1960 EXPN PEX Tee,D04-05BR,
P13012,EPEXFT,1x1/2x1 Brass F1960 EXPN PEX Tee,D04-05BR,
P13013,EPEXFT,1/2 Brass F1960 EXPN PEX 90 Elbow,D04-05BL,
P13014,EPEXFT,3/4 Brass F1960 EXPN PEX 90 Elbow,D04-05BR,
P13015,EPEXFT,1 Brass F1960 EXPN PEX 90 Elbow,D04-05BR,
P13016,EPEXFT,3/4x1/2 Brass F1960 EXPN PEX 90 Elbow,D04-05BR,
P13017,EPEXFT,1/2 Brass F1960 EXPN PEX Drop Ear Elbow PEXxFIP,D04-05AL,
P13018,EPEXFT,1/2 Brass F1960 EXPN PEX x MIP 90 Elbow,D04-05CR,
P13019,EPEXFT,1/2x3/4 Brass F1960 EXPN PEX x MIP 90 Elbow,D04-05CR,
P13020,EPEXFT,3/4 Brass F1960 EXPN PEX x MIP 90 Elbow,D04-05BR,
P13021,EPEXFT,1/2 Brass F1960 EXPN PEX CPLG,D04-05CR,
P13022,EPEXFT,3/4 Brass F1960 EXPN PEX CPLG,D04-05CR,
P13023,EPEXFT,1 Brass F1960 EXPN PEX CPLG,D04-05BR,
P13024,EPEXFT,3/4x1/2 Brass F1960 EXPN PEX CPLG,D04-05CR,
P13025,EPEXFT,1/2 Brass F1960 EXPN PEX x MIP ADPT,D04-05AR,
P13026,EPEXFT,1/2x3/4 Brass F1960 EXPN PEX x MIP ADPT,D04-05CR,
P13027,EPEXFT,3/4x1/2 Brass F1960 EXPN PEX x MIP ADPT,D04-05CR,
P13028,EPEXFT,3/4 Brass F1960 EXPN PEX x MIP ADPT,D04-05AR,
P13029,EPEXFT,1 Brass F1960 EXPN PEX x MIP ADPT,D04-05BL,
P13030,EPEXFT,3/4x1 Brass F1960 EXPN PEX x MIP ADPT,D04-05CR,
P13031,EPEXFT,1x3/4 Brass F1960 EXPN PEX x MIP ADPT,D04-05BR,
P13032,EPEXFT,1/2 Brass F1960 EXPN PEX x FIP ADPT,D04-05BL,
P13033,EPEXFT,1/2x3/4 Brass F1960 PEXxFIP ADPT,D04-05CR,
P13034,EPEXFT,3/4x1/2 Brass F1960 EXPN PEX x FIP ADPT,D04-05CR,
P13035,EPEXFT,3/4 Brass F1960 EXPN PEX x FIP ADPT,D04-05AR,
P13036,EPEXFT,1 Brass F1960 EXPN PEX x FIP ADPT,D04-05AR,
P13037,EPEXFT,1/2 Brass F1960 EXPN PEX x Male Cop ADPT,D04-05AR,
P13038,EPEXFT,1/2x3/4 Brass F1960 EXPN PEX x Male Cop ADPT,D04-05CR,
P13039,EPEXFT,3/4 Brass F1960 EXPN PEX x Male Cop ADPT,D04-05BR,
P13040,EPEXFT,1 Brass F1960 EXPN PEX x Male Cop ADPT,D04-05BL,
P13041,EPEXFT,3/4x1/2 Brass F1960 EXPN PEX x Male Cop ADPT,D04-05BR,
P13042,EPEXFT,1/2 Brass F1960 EXPN PEX x Fem Cop ADPT,D04-05BL,
P13043,EPEXFT,3/4 Brass F1960 EXPN PEX x Fem Cop ADPT,D04-05BL,
P13044,EPEXFT,1 Brass F1960 EXPN PEX x Fem Cop ADPT,D04-05BL,
P13045,EPEXFT,1/2x3/4 Brass F1960 EXPN PEX x Fem Cop ADPT,D04-05BR,
P13046,EPEXFT,1/2 Brass F1960 EXPN PEX Plug,D04-05BR,
P13047,EPEXFT,3/4 Brass F1960 EXPN PEX Plug,D04-05CR,
P13048,EPEXFT,1 Brass F1960 EXPN PEX Plug,D04-05BR,
P13049,EPEXFT,3/4 Brass F1960 EXPN PEX x FTG Male Cop 90 Elbow,D04-05BR,
P13050,EPEXFT,3/4 Brass F1960 EXPN PEX x Fem Cop 90 Elbow,D04-05BR,
P13053,EPEXFT,3/8 Brass F1960 EXPN PEX CPLG,D04-05BR,
P13056,EPEXFT,5/8 Brass F1960 EXPN PEX CPLG,D04-05CR,
P13058,EPEXFT,1/2 Brass F1960 EXPN PEX x FTG Male Cop 90 Elbow,D04-05CR,
P13065,EPEXFT,3/4 Brass F1960 EXPN PEX Drop Ear Elbow PEXxFIP,D04-05AR,
P23200,EPEXFT,3/8 Brass F1960 EXPN PEX Tee,D04-05CR,
P23201,EPEXFT,1/2x3/8x3/8 Brass F1960 EXPN PEX Tee,D04-05BR,
P23202,EPEXFT,1-1/4 Brass F1960 EXPN PEX Tee,D04-05CR,
P23203,EPEXFT,3/8x3/8x1/2 Brass F1960 EXPN PEX Tee,D04-05BR,
P23204,EPEXFT,1/2x3/8x1/2 Brass F1960 EXPN PEX Tee,D04-05CR,
P23205,EPEXFT,1/2x1/2x3/8 Brass F1960 EXPN PEX Tee,D04-05BR,
P23206,EPEXFT,3/4x3/4x3/8 Brass F1960 EXPN PEX Tee,D04-05CR,
P23207,EPEXFT,1x3/4x1/2 Brass F1960 EXPN PEX Tee,D04-05BR,
P23208,EPEXFT,1x1/2x3/4 Brass F1960 EXPN PEX Tee,D04-05CR,
P23209,EPEXFT,1-1/4x1x1 Brass F1960 EXPN PEX Tee,D04-05BR,
P23210,EPEXFT,1-1/4x1-1/4x1/2 Brass F1960 EXPN PEX Tee,D04-05CR,
P23211,EPEXFT,1-1/4x1-1/4x3/4 Brass F1960 EXPN PEX Tee,D04-05BR,
P23212,EPEXFT,1-1/4x1-1/4x1 Brass F1960 EXPN PEX Tee,D04-05CR,
P23213,EPEXFT,1-1/4x1x3/4 Brass F1960 EXPN PEX Tee,D04-05BR,
P23214,EPEXFT,1-1/2x3/4x3/4 Brass F1960 EXPN PEX Tee,D04-05CR,
P23215,EPEXFT,1-1/2x1x3/4 Brass F1960 EXPN PEX Tee,D04-05BR,
P23216,EPEXFT,1-1/2x1x1 Brass F1960 EXPN PEX Tee,D04-05CR,
P23217,EPEXFT,1-1/2x1-1/4x3/4 Brass F1960 EXPN PEX Tee,D04-05BR,
P23218,EPEXFT,1-1/2x1-1/4x1 Brass F1960 EXPN PEX Tee,D04-05CR,
P23219,EPEXFT,1-1/2x1-1/4x1-1/4 Brass F1960 EXPN PEX Tee,D04-05BR,
P23220,EPEXFT,1-1/2x1-1/2x3/4 Brass F1960 EXPN PEX Tee,D04-05CR,
P23221,EPEXFT,1-1/2x1-1/2x1 Brass F1960 EXPN PEX Tee,D04-05BR,
P23222,EPEXFT,1-1/2x1-1/2x1-1/4 Brass F1960 EXPN PEX Tee,D04-05CR,
P23223,EPEXFT,1-1/2 Brass F1960 EXPN PEX Tee,D04-05BR,
P23224,EPEXFT,2 Brass F1960 EXPN PEX Tee,D04-05CR,
P23225,EPEXFT,2x1-1/4x1-1/4 Brass F1960 EXPN PEX Tee,D04-05BR,
P23226,EPEXFT,2x1-1/2x3/4 Brass F1960 EXPN PEX Tee,D04-05CR,
P23227,EPEXFT,2x1-1/2x1 Brass F1960 EXPN PEX Tee,D04-05BR,
P23228,EPEXFT,2x1-1/2x1-1/4 Brass F1960 EXPN PEX Tee,D04-05CR,
P23229,EPEXFT,2x1-1/2x1-1/2 Brass F1960 EXPN PEX Tee,D04-05BR,
P23230,EPEXFT,2x2x3/4 Brass F1960 EXPN PEX Tee,D04-05CR,
P23231,EPEXFT,2x2x1 Brass F1960 EXPN PEX Tee,D04-05BR,
P23232,EPEXFT,2x2x1-1/4 Brass F1960 EXPN PEX Tee,D04-05CR,
P23233,EPEXFT,2x2x1-1/2 Brass F1960 EXPN PEX Tee,D04-05BR,
P23234,EPEXFT,1/2 Brass F1960 EXPN PEXxPEXxFIP Tee,D04-05CR,
P23235,EPEXFT,3/8 Brass F1960 EXPN PEX 90 Elbow,D04-05BR,
P23236,EPEXFT,1-1/4 Brass F1960 EXPN PEX 90 Elbow,D04-05CR,
P23237,EPEXFT,1-1/2 Brass F1960 EXPN PEX 90 Elbow,D04-05BR,
P23238,EPEXFT,2 Brass F1960 EXPN PEX 90 Elbow,D04-05CR,
P23239,EPEXFT,3/8x1/2 Brass F1960 EXPN PEX 90 Elbow,D04-05BR,
P23240,EPEXFT,1x3/4 Brass F1960 EXPN PEX 90 Elbow,D04-05CR,
P23241,EPEXFT,1/2 Brass F1960 EXPN PEX x FIP Elbow,D04-05BR,
P23242,EPEXFT,3/4x1/2 Brass F1960 EXPN PEX x FIP Elbow,D04-05CR,
P23243,EPEXFT,3/4 Brass F1960 EXPN PEX x FIP Elbow,D04-05CR,
P23244,EPEXFT,3/8 Brass F1960 EXPN PEX x MIP Elbow,D04-05BR,
P23245,EPEXFT,3/8x1/2 Brass F1960 EXPN PEX x MIP Elbow,D04-05CR,
P23246,EPEXFT,1/2x3/8 Brass F1960 EXPN PEX x MIP Elbow,D04-05BR,
P23248,EPEXFT,3/4x1/2 Brass F1960 EXPN PEX x MIP Elbow,D04-05CR,
P23250,EPEXFT,3/8x1/2 Brass F1960 EXPN PEX CPLG,D04-05BR,
P23251,EPEXFT,1/2x3/4 Brass F1960 EXPN PEX CPLG,D04-05CR,
P23252,EPEXFT,3/4x1 Brass F1960 EXPN PEX CPLG,D04-05BR,
P23253,EPEXFT,1-1/4x1 Brass F1960 EXPN PEX CPLG,D04-05CR,
P23254,EPEXFT,1-1/4 Brass F1960 EXPN PEX CPLG,D04-05BR,
P23255,EPEXFT,1-1/4x3/4 Brass F1960 EXPN PEX CPLG,D04-05CR,
P23256,EPEXFT,1-1/2x3/4 Brass F1960 EXPN PEX CPLG,D04-05BR,
P23257,EPEXFT,1-1/2x1 Brass F1960 EXPN PEX CPLG,D04-05CR,
P23258,EPEXFT,1-1/2x1-1/4 Brass F1960 EXPN PEX CPLG,D04-05BR,
P23259,EPEXFT,1-1/2 Brass F1960 EXPN PEX CPLG,D04-05CR,
P23260,EPEXFT,2 Brass F1960 EXPN PEX CPLG,D04-05BR,
P23261,EPEXFT,2x1 Brass F1960 EXPN PEX CPLG,D04-05CR,
P23262,EPEXFT,2x1-1/4 Brass F1960 EXPN PEX CPLG,D04-05BR,
P23263,EPEXFT,2x1-1/2 Brass F1960 EXPN PEX CPLG,D04-05CR,
P23264,EPEXFT,3/8 Brass F1960 EXPN PEX x MIP ADPT,D04-05BR,
P23265,EPEXFT,3/8x1/2 Brass F1960 EXPN PEX x MIP ADPT,D04-05CR,
P23266,EPEXFT,1/2x3/8 Brass F1960 EXPN PEX x MIP ADPT,D04-05BR,
P23267,EPEXFT,1-1/4x1 Brass F1960 EXPN PEX x MIP ADPT,D04-05CR,
P23268,EPEXFT,1-1/4 Brass F1960 EXPN PEX x MIP ADPT,D04-05BR,
P23269,EPEXFT,1-1/2x1-1/4 Brass F1960 EXPN PEX x MIP ADPT,D04-05CR,
P23270,EPEXFT,1-1/2 Brass F1960 EXPN PEX x MIP ADPT,D04-05BR,
P23271,EPEXFT,2x1-1/2 Brass F1960 EXPN PEX x MIP ADPT,D04-05CR,
P23272,EPEXFT,2 Brass F1960 EXPN PEX x MIP ADPT,D04-05BR,
P23273,EPEXFT,3/8x1/2 Brass F1960 EXPN PEX x FIP Adapter,D04-05CR,
P23274,EPEXFT,3/8 Brass F1960 EXPN PEX x FIP Adapter,D04-05BR,
P23275,EPEXFT,3/4x1 Brass F1960 EXPN PEX x FIP Adapter,D04-05CR,
P23276,EPEXFT,1x3/4 Brass F1960 EXPN PEX x FIP Adapter,D04-05BR,
P23277,EPEXFT,1-1/4 Brass F1960 EXPN PEX x FIP Adapter,D04-05CR,
P23278,EPEXFT,3/8x1/2 Brass F1960 EXPN PEX x Male Cop ADPT,D04-05BR,
P23279,EPEXFT,5/8x3/4 Brass F1960 EXPN PEX x Male Cop ADPT,D04-05CR,
P23280,EPEXFT,1-1/4 Brass F1960 EXPN PEX x Male Cop ADPT,D04-05BR,
P23281,EPEXFT,1-1/2 Brass F1960 EXPN PEX x Male Cop ADPT,D04-05CR,
P23282,EPEXFT,2x1-1/2 Brass F1960 EXPN PEX x Male Cop ADPT,D04-05BR,
P23283,EPEXFT,2 Brass F1960 EXPN PEX x Male Cop ADPT,D04-05CR,
P23284,EPEXFT,3/4x1/2 Brass F1960 EXPN PEX x Fem Cop ADPT,D04-05BR,
P23285,EPEXFT,5/8x3/4 Brass F1960 EXPN PEX x Fem Cop ADPT,D04-05CR,
P23286,EPEXFT,1x3/4 Brass F1960 EXPN PEX x Fem Cop ADPT,D04-05BR,
P23287,EPEXFT,1-1/4 Brass F1960 EXPN PEX x Fem Cop ADPT,D04-05CR,
P23288,EPEXFT,1-1/2 Brass F1960 EXPN PEX x Fem Cop ADPT,D04-05BR,
P23289,EPEXFT,2 Brass F1960 EXPN PEX x Fem Cop ADPT,D04-05CR,
P23290,EPEXFT,1/2 Brass F1960 EXPN PEX Transition CPLG,D04-05BR,
P23291,EPEXFT,3/4 Brass F1960 EXPN PEX Transition CPLG,D04-05CR,
P23292,EPEXFT,3/8 Brass F1960 EXPN PEX Plug,D04-05BR,
P23293,EPEXFT,3/4x1/2 Brass F1960 EXPN PEX Drop Ear Elbow PEXxFIP,D04-05CR,
P23294,EPEXFT,1/2 Brass F1960 EXPN PEX Drop Ear Tee PEXxPEXxFIP,D04-05BR,
P23295,EPEXFT,3/4 Brass F1960 EXPN PEX Drop Ear Tee PEXxPEXxFIP,D04-05CR,
P23296,EPEXFT,1/2 Brass F1960 EXPN PEX x Fem Cop 90 Elbow,D04-05BR,
P23297,EPEXFT,3/4x1/2 Brass F1960 EXPN PEX x Fem Cop 90 Elbow,D04-05CR,
P23298,EPEXFT,1 Brass F1960 EXPN PEX x FTG Male Cop 90 Elbow,D04-05BR,
P23299,EPEXFT,1/2 Brass F1960 EXPN PEX x Fem Swivel 90 Elbow,D04-05CR,
P23300,EPEXFT,3/4x1/2 Brass F1960 EXPN PEX x FIP Swivel Adapter,D04-05BR,
P23301,EPEXFT,1/2 Brass F1960 EXPN PEX x FIP Swivel Adapter,D04-05CR,
P12251,EPPSU,2x1-1/4 EPPSU F1960 EXPN PEX CPLG,D04-03BL,
P12488,EPPSU,3/4 EPPSU F1960 EXPN PEX 90 Elbow,D04-02CL,
P12489,EPPSU,1/2 EPPSU F1960 EXPN PEX 90 Elbow,D04-02CR,
P12490,EPPSU,1 EPPSU F1960 EXPN PEX 90 Elbow,D04-02CL,
P12491,EPPSU,1/2 EPPSU F1960 EXPN PEX Plug,D04-03AR,
P12492,EPPSU,1/2 EPPSU F1960 EXPN PEX Tee,D04-02BL,
P12493,EPPSU,3/4x3/4x1/2 EPPSU F1960 EXPN PEX Tee,D04-02BL,
P12494,EPPSU,1/2 EPPSU F1960 EXPN PEX CPLG,D04-02BR,
P12495,EPPSU,3/4 EPPSU F1960 EXPN PEX CPLG,D04-02BR,
P12496,EPPSU,3/4 EPPSU F1960 EXPN PEX Tee,D04-03AL,
P12497,EPPSU,1 EPPSU F1960 EXPN PEX CPLG,D04-02BR,
P12498,EPPSU,1x1x3/4 EPPSU F1960 EXPN PEX Tee,D04-02AR,
P12499,EPPSU,1x1x1/2 EPPSU F1960 EXPN PEX Tee,D04-02AL,
P12500,EPPSU,3/4x1/2 EPPSU F1960 EXPN PEX CPLG,D04-02CR,
P12501,EPPSU,1 EPPSU F1960 EXPN PEX Tee,D04-02AR,
P12502,EPPSU,1x3/4 EPPSU F1960 EXPN PEX CPLG,D04-03AL,
P12503,EPPSU,3/4x1/2x1/2 EPPSU F1960 EXPN PEX Tee,D04-02AL,
P12504,EPPSU,3/4x1/2x3/4 EPPSU F1960 EXPN PEX Tee,D04-02AL,
P12505,EPPSU,3/4 EPPSU F1960 EXPN PEX Plug,D04-03AR,
P12506,EPPSU,1x3/4x3/4 EPPSU F1960 EXPN PEX Tee,D04-02AR,
P12507,EPPSU,1/2x1/2x3/4 EPPSU F1960 EXPN PEX Tee,D04-02AL,
P12508,EPPSU,3/4 EPPSU F1960 EXPN PEX x MPT ADPT,D04-03BL,
P12509,EPPSU,1 EPPSU F1960 EXPN PEX Plug,D04-03AR,
P12510,EPPSU,1x1/2 EPPSU F1960 EXPN PEX CPLG,D04-03BR,
P12511,EPPSU,3/4x1/2 EPPSU F1960 EXPN PEX 90 Elbow,D04-02CL,
P12513,EPPSU,1x3/4x1 EPPSU F1960 EXPN PEX Tee,D04-02AR,
P12514,EPPSU,1/2 EPPSU F1960 PEX EXPN RING,,
P12515,EPPSU,3/4 EPPSU F1960 PEX EXPN RING,,
P12516,EPPSU,1 EPPSU F1960 PEX EXPN RING,,
P12518,EPPSU,2 EPPSU F1960 PEX EXPN RING,D04-03AR,
P12542,EPPSU,1x1/2x1 EPPSU F1960 EXPN PEX Tee,D04-03BR,
P13052,EPPSU,3/8 EPPSU F1960 PEX CPLG,D04-03BL,
P13054,EPPSU,3/8 EPPSU F1960 PEX EXPN RING,D04-03AR,
P13055,EPPSU,5/8 EPPSU F1960 PEX CPLG,D04-03BR,
P13057,EPPSU,5/8 EPPSU F1960 PEX EXPN RING,D04-03AR,
P13080,EPPSU,3/4x3/4x1 EPPSU F1960 EXPN PEX Tee,D04-03BR,
P13087,EPPSU,1-1/4 EPPSU F1960 PEX EXPN RING,D04-03AR,
P13088,EPPSU,1-1/2 EPPSU F1960 PEX EXPN RING,D04-03AR,
P13410,EPPSU,1-1/4 EPPSU F1960 EXPN PEX 90 Elbow,D04-02CL,
P13411,EPPSU,1-1/2 EPPSU F1960 EXPN PEX 90 Elbow,D04-02CL,
P13412,EPPSU,2 EPPSU F1960 EXPN PEX 90 Elbow,D04-03BL,
P13414,EPPSU,1-1/4 EPPSU F1960 EXPN PEX CPLG,D04-03AL,
P13415,EPPSU,1-1/2 EPPSU F1960 EXPN PEX CPLG,D04-02CR,
P13416,EPPSU,2 EPPSU F1960 EXPN PEX CPLG,D04-03BR,
P13417,EPPSU,1-1/4x3/4 EPPSU F1960 EXPN PEX CPLG,D04-03BL,
P13418,EPPSU,1-1/4x1 EPPSU F1960 EXPN PEX CPLG,D04-03BR,
P13419,EPPSU,1-1/2x1-1/4 EPPSU F1960 EXPN PEX CPLG,D04-03BR,
P13423,EPPSU,2x1-1/2 EPPSU F1960 EXPN PEX CPLG,D04-03BR,
P13424,EPPSU,1-1/4 EPPSU F1960 EXPN PEX Plug,D04-03BL,
P13425,EPPSU,1-1/2 EPPSU F1960 EXPN PEX Plug,D04-03BL,
P13426,EPPSU,2 EPPSU F1960 EXPN PEX Plug,D04-03BL,
P13427,EPPSU,1-1/4 EPPSU F1960 EXPN PEX Tee,D04-02AR,
P13428,EPPSU,1-1/2 EPPSU F1960 EXPN PEX Tee,D04-03BL,
P13429,EPPSU,2 EPPSU F1960 EXPN PEX Tee,D04-02BL,
P13430,EPPSU,1-1/4x1-1/4x1/2 EPPSU F1960 EXPN PEX Tee,D04-03BL,
P13431,EPPSU,1-1/4x1-1/4x3/4 EPPSU F1960 EXPN PEX Tee,D04-03BR,
P13432,EPPSU,1-1/4x1-1/4x1 EPPSU F1960 EXPN PEX Tee,D04-03BL,
P13433,EPPSU,1-1/2x1x1-1/2 EPPSU F1960 EXPN PEX Tee,D04-03BR,
P13434,EPPSU,1-1/2x1-1/2x3/4 EPPSU F1960 EXPN PEX Tee,D04-03BL,
P13435,EPPSU,1-1/2x1-1/2x1 EPPSU F1960 EXPN PEX Tee,D04-03BL,
P13436,EPPSU,1-1/2x1-1/2x1-1/4 EPPSU F1960 EXPN PEX Tee,D04-03BL,
P13437,EPPSU,2x2x1 EPPSU F1960 EXPN PEX Tee,D04-03BL,
P13438,EPPSU,2x2x1-1/4 EPPSU F1960 EXPN PEX Tee,D04-03BL,
P13439,EPPSU,2x2x1-1/2 EPPSU F1960 EXPN PEX Tee,D04-03BL,
P13440,EPPSU,3/4x1/2 EPPSU F1960 EXPN PEX Open Manifold (3 Outlet),D04-03BL,
P13441,EPPSU,3/4x1/2 EPPSU F1960 EXPN PEX Open Manifold (4 Outlet),D04-03BL,
P13442,EPPSU,3/4x1/2 EPPSU F1960 EXPN PEX Closed Manifold (3 Outlet),D04-03BL,
P13443,EPPSU,3/4x1/2 EPPSU F1960 EXPN PEX Closed Manifold (4 Outlet),D04-03BL,
P13456,EPPSU,3/4x1/2 EPPSU F1960 EXPN PEX Open Manifold (2 Outlet),D04-03BL,
P13457,EPPSU,3/4x1/2 EPPSU F1960 EXPN PEX Open Manifold (6 Outlet),D04-03BL,
P13458,EPPSU,3/4x1/2 EPPSU F1960 EXPN PEX Closed Manifold (6 Outlet),D04-03BL,
P10749,EPPSU,1/2 EPPSU F1960 EXPN PEX x MPT ADPT,D04-03BR,
P11524,EPPSU,1 EPPSU F1960 EXPN PEX x MPT ADPT,D04-03BL,
P11998,EPPSU,1-1/4x1x1 EPPSU F1960 EXPN PEX Tee,D04-03BR,
P11999,EPPSU,1-1/2x1x1 EPPSU F1960 EXPN PEX Tee,D04-03BL,
P12093,EPPSU,2x1-1/2x1-1/2 EPPSU F1960 EXPN PEX Tee,D04-03BR,
P12120,EPPSU,1-1/2x1 EPPSU F1960 EXPN PEX CPLG,D04-03BR,
P12700,PEXAC,1/2x3/4 Press Copper x PEX F1807 ADPT,D10-02BR,
P12705,PEXAC,"1/2 Brass F1960 EXPN PEX x Cop 8"" Stubout Elbow w/ Flange",D10-02AL,
P12747,PEXAC,"1/2 Brass F1960 EXPN PEX x Cop 8"" Stubout Elbow w/o Flange",D10-02AR,
P12774,PEXAC,"1/2 Brass F1807 PEX x Cop 8"" Stubout Elbow w/o Flange",D10-02BL,
P12996,PEXAC,"3/4 Brass F1960 EXPN PEX x Cop 8"" Stubout Elbow w/ Flange",D10-02BR,
P12997,PEXAC,"3/4 Brass F1960 EXPN PEX x Cop 8"" Stubout Elbow w/o Flange",D10-02BR,
P13084,PEXAC,1/2 SS PEX Crimp SLEEVE,D10-02AL,
P13085,PEXAC,3/4 SS PEX Crimp SLEEVE,D10-02AL,
P13086,PEXAC,1 SS PEX Crimp SLEEVE,D10-02BR,
P13094,PEXAC,1/2 PEX (Full) Talon,D10-02BL,
P13095,PEXAC,3/4 PEX (Full) Talon,D10-02BL,
P13096,PEXAC,1 PEX (Full) Talon,D10-02BR,
P13179,PEXAC,1/2 Mickey Mouse Strap,D10-02AR,
P13180,PEXAC,3/4 Mickey Mouse Strap,D10-02AR,
P13181,PEXAC,1 Mickey Mouse Strap,D10-02BR,
P13590,PEXAC,1/2 Split Tube Clamp (Black),D10-02BR,
P13591,PEXAC,3/4 Split Tube Clamp (Black),D10-02BR,
P13592,PEXAC,1 Split Tube Clamp (Black),D10-02BR,
P13650,PEXAC,1/2 Copper Tub Spout Stubout Male Elbow (6x7),D10-02BR,
P13651,PEXAC,1/2x6 CTS x Spin Closed End Type L Copper Stubout Bullet,D10-02BR,
P13652,PEXAC,"1x1/2 Copper Open Manifold (12 Outlet) - Sweat Outlets (3""OC)",D10-02BR,
P13654,PEXAC,1/2x8 CTS x Spin Closed End Type L Copper Stubout Bullet,D10-02BR,
P13655,PEXAC,1x1/2 Copper Closed Manifold (12 Outlet) - EXPN Pex Outlets,D10-02BR,
P7515,PEXAC,3/8 Annealed Blk Cop Crimp Ring,D10-02AL,
P7516,PEXAC,1/2 Annealed Blk Cop Crimp Ring,,
P7517,PEXAC,3/4 Annealed Blk Cop Crimp Ring,,
P7518,PEXAC,1 Annealed Blk Cop Crimp Ring,,
P7899,PEXAC,1/2 S/S PEX CLAMP RING,,
P7900,PEXAC,3/4 S/S PEX CLAMP RING,,
P7901,PEXAC,1 S/S PEX CLAMP RING,,
P8236,PEXAC,1/2 PEX Tube Strap,D10-02BR,
P8324,PEXAC,1/2 PEX (Half) Talon,D10-02AR,
P8481,PEXAC,1 PEX (Half) Talon,D10-02AR,
P8522,PEXAC,3/4 PEX (Half) Talon,D10-02BL,
P9817,PEXAC,"1/2 Brass F1807 PEX x Cop 8"" Stubout Elbow w/ Flange",D10-02BL,
P18500,PEXAC,"1/2"" MIP Handi-Plug",D10-02BR,
P18524,PEXAC,1-1/2 Poly P-Trap w/ Threaded ADPT - White,D10-02CL,
P18533,PEXAC,1/2 Plastic Support Bend w/ Nail Tab,D10-02BR,
P18534,PEXAC,3/4 Plastic Support Bend w/ Nail Tab,D10-02CL,
P18535,PEXAC,1 Plastic Support Bend w/ Nail Tab,D10-02BR,
P18536,PEXAC,1/2 Metal Support Bend,D10-02CL,
P18537,PEXAC,3/4 Metal Support Bend,D10-02BR,
P18538,PEXAC,1/2 Metal Support Bend w/ Nail Flange,D10-02CL,
P18539,PEXAC,3/4 Metal Support Bend w/ Nail Flange,D10-02CL,
P10042,PEXAC,3/4 PEX Tube Strap,D10-02BR,
P11371,PEXAC,5/8 Annealed Blk Cop Crimp Ring,D10-02AL,
P11540,PEXAC,"3/4 Brass F1807 PEX x Cop 8"" Stubout Elbow w/ Flange",D10-02BR,
P11717,PEXAC,"3/4 Brass F1807 PEX x Cop 8"" Stubout Elbow w/o Flange",D10-02BR,
P12388,PEXFT,3/4x1 Brass F1807 PEX x FIP ADPT,A08-11AR,
P12460,PEXFT,3/4 Brass F1807 PEX Transition CPLG w/ 1 Ring,A08-11BR,
P12461,PEXFT,1 Brass F1807 PEX Transition CPLG w/ 1 Ring,A08-11BR,
P12696,PEXFT,3/4 Brass F1807 PEX x Fem Swivel ADPT,A08-11AR,
P12891,PEXFT,1/2 PEX F1807 BRASS Drop Ear Tee PEXxPEXxFIP,A08-11BR,
P12892,PEXFT,3/4 PEX F1807 Drop Ear Tee PEXxPEXxFIP,A08-11AR,
P12895,PEXFT,1x1x3/4 PEX F1807 Drop Ear Tee PEXxPEXxFIP,A08-11BR,
P12904,PEXFT,1 PEX F1807 Drop Ear Tee PEXxPEXxFIP,A08-11AR,
P13166,PEXFT,1/2 Brass F1807 PEX Transition CPLG w/ 1 Ring,A08-11BR,
P13272,PEXFT,3/4x1 Brass F1807 PEX x Fem Cop 90 Elbow,A08-11BR,
P7189,PEXFT,3/4x1 Brass F1807 PEX x Fem Cop ADPT,A08-11BR,
P7460,PEXFT,3/8x1/2 Brass F1807 PEX x MIP ADPT,A08-11AR,
P7461,PEXFT,1/2 Brass F1807 PEX x MIP ADPT,A08-12BL,
P7462,PEXFT,1/2x3/4 Brass F1807 PEX x MIP ADPT,A08-11AR,
P7463,PEXFT,3/4 Brass F1807 PEX x MIP ADPT,A08-13AL,
P7464,PEXFT,3/4x1/2 Brass F1807 PEX x MIP ADPT,A08-11BR,
P7465,PEXFT,1 Brass F1807 PEX x MIP ADPT,A08-12CR,
P7470,PEXFT,1/2 Brass F1807 PEX x FIP ADPT,A08-12DL,
P7471,PEXFT,1/2x3/4 Brass F1807 PEX x FIP ADPT,A08-11BR,
P7472,PEXFT,3/4 Brass F1807 PEX x FIP ADPT,A08-12BR,
P7473,PEXFT,3/4x1/2 Brass F1807 PEX x FIP ADPT,A08-11AR,
P7474,PEXFT,1 Brass F1807 PEX x FIP ADPT,A08-12AL,
P7475,PEXFT,3/8 Brass F1807 PEX CPLG,A08-11AR,
P7476,PEXFT,1/2 Brass F1807 PEX CPLG,A08-12AL,
P7477,PEXFT,3/4 Brass F1807 PEX CPLG,A08-12BL,
P7478,PEXFT,3/4x1/2 Brass F1807 PEX Red. CPLG,A08-12AR,
P7479,PEXFT,1 Brass F1807 PEX CPLG,A08-12BR,
P7480,PEXFT,1x3/4 Brass F1807 PEX Red. CPLG,A08-12CR,
P7481,PEXFT,3/8 Brass F1807 PEX 90 Elbow,A08-11AR,
P7482,PEXFT,1/2 Brass F1807 PEX 90 Elbow,A08-13AR,
P7483,PEXFT,3/4 Brass F1807 PEX 90 Elbow,A08-13BL,A08-13BR
P7484,PEXFT,3/4x1/2 Brass F1807 PEX 90 Elbow,A08-11BR,
P7485,PEXFT,1 Brass F1807 PEX 90 Elbow,A08-13CL,
P7486,PEXFT,1/2 Brass F1807 PEX Drop Ear Elbow PEXxFIP,A08-13CR,A08-13DL
P7487,PEXFT,3/4 Brass F1807 PEX Drop Ear Elbow PxFIP,A08-11AR,
P7488,PEXFT,3/4x1/2 Brass F1807 PEX Drop Ear Elbow PxFIP,A08-11BR,
P7489,PEXFT,3/8x1/2 Brass F1807 PEX x Fem Cop ADPT,A08-11BR,
P7490,PEXFT,1/2 Brass F1807 PEX x Fem Cop ADPT,A08-12BR,
P7491,PEXFT,3/4 Brass F1807 PEX x Fem Cop ADPT,A08-12AR,
P7492,PEXFT,1 Brass F1807 PEX x Fem Cop ADPT,A08-11AR,
P7493,PEXFT,3/8 Brass F1807 PEX Plug,A08-11BR,
P7494,PEXFT,1/2 Brass F1807 PEX Plug,A08-11BR,
P7495,PEXFT,3/4 Brass F1807 PEX Plug,A08-11AR,
P7496,PEXFT,1 Brass F1807 PEX Plug,A08-12DR,
P7497,PEXFT,3/8x1/2 Brass F1807 PEX x Male Cop ADPT,A08-11AR,
P7498,PEXFT,1/2 Brass F1807 PEX x Male Cop ADPT,A08-12CL,
P7499,PEXFT,3/4 Brass F1807 PEX x Male Cop ADPT,A08-12CL,
P7500,PEXFT,1 Brass F1807 PEX x Male Cop ADPT,A08-11BR,
P7501,PEXFT,3/8 Brass F1807 PEX Tee,A08-11AR,
P7502,PEXFT,1/2 Brass F1807 PEX Tee,A08-12AL,
P7503,PEXFT,1/2x1/2x3/4 Brass F1807 PEX Tee,A08-11AR,
P7504,PEXFT,1/2x3/8x3/8 Brass F1807 PEX Tee,A08-11BR,
P7505,PEXFT,3/4 Brass F1807 PEX Tee,A08-12CL,
P7506,PEXFT,3/4x3/4x1 Brass F1807 PEX Tee,A08-11BR,
P7507,PEXFT,3/4x3/4x1/2 Brass F1807 PEX Tee,A08-13DR,
P7508,PEXFT,3/4x1/2x3/4 Brass F1807 PEX Tee,A08-12DL,
P7509,PEXFT,3/4x1/2x1/2 Brass F1807 PEX Tee,A08-12CR,
P7510,PEXFT,1 Brass F1807 PEX Tee,A08-12AR,
P7511,PEXFT,1x1x3/4 Brass F1807 PEX Tee,A08-12CR,
P7512,PEXFT,1x1x1/2 Brass F1807 PEX Tee,A08-12DL,
P7513,PEXFT,1x3/4x3/4 Brass F1807 PEX Tee,A08-11BR,
P7514,PEXFT,1x3/4x1/2 Brass F1807 PEX Tee,A08-11AR,
P7519,PEXFT,1/2 Brass F1807 PEX x Fem Swivel ADPT,A08-11AR,
P7520,PEXFT,1/2 Brass F1807 PEX X Fem Swivel 90 Elbow,A08-11BR,
P7523,PEXFT,1x3/4 Brass F1807 PEX x Fem Cop ADPT,A08-11AR,
P7644,PEXFT,1/2x3/8 Brass F1807 PEX Red. CPLG,A08-11BR,
P7733,PEXFT,1/2x3/4 Brass F1807 PEX x Fem Cop ADPT,A08-11BR,
P7759,PEXFT,3/4x1/2 Brass F1807 PEX x Fem Cop 90 Elbow,A08-12DR,
P7760,PEXFT,3/4 Brass F1807 PEX x Fem Cop 90 Elbow,A08-12DR,
P7957,PEXFT,1/2 Brass F1807 PEX x MIP 90 Elbow,A08-11AR,
P8038,PEXFT,1/2 Brass F1807 PEX x Fem Cop 90 Elbow,A08-11BR,
P8058,PEXFT,3/4 Brass F1807 PEX x FTG Male Cop 90 Elbow,A08-12CR,
P8059,PEXFT,1/2 Brass F1807 PEX x Male FTG Cop 90 Elbow,A08-12DR,
P8407,PEXFT,3/4 Brass F1807 PEX x MIP 90 Elbow,A08-11BR,
P8778,PEXFT,1 Brass F1807 PEX x Fem Cop 90 Elbow,A08-11BR,
P9031,PEXFT,1/2x3/4 Brass F1807 PEX x Fem Cop Elbow,A08-11AR,
P9242,PEXFT,3/4x1/2 Brass F1807 PEX x Fem Cop ADPT,A08-11AR,
P9382,PEXFT,1/2x3/4 Brass F1807 PEX x MIP 90 Elbow,A08-11BR,
P9403,PEXFT,3/4x1 Brass F1807 PEX x MIP 90 Elbow,A08-11AR,
P9404,PEXFT,1/2x3/4 Brass F1807 PEX x Male Cop ADPT,A08-11BR,
P9655,PEXFT,1x1/2x1 Brass F1807 PEX Tee,A08-11BR,
P9881,PEXFT,1x1/2x1/2 Brass F1807 PEX Tee,A08-11BR,
P9885,PEXFT,1x3/4x1 Brass F1807 PEX Tee,A08-11AR,
P9917,PEXFT,1/2x3/4 Brass F1807 PEX x FTG Male Cop Elbow,A08-11AR,
P10032,PEXFT,1x3/4 Brass F1807 PEX x MIP ADPT,A08-11AR,
P10102,PEXFT,3/4x1/2 Brass F1807 PEX x Male Cop ADPT,A08-11AR,
P10826,PEXFT,3/4x1 Brass F1807 PEX x MIP ADPT,A08-11AR,
P11329,PEXFT,1/2 Brass F1807 PEX x FIP 90 Elbow,A08-11BR,
P11338,PEXFT,3/4 Brass F1807 PEX x FIP 90 Elbow,A08-11BR,
P11362,PEXFT,5/8x3/4 Brass F1807 PEX x Male Cop ADPT,A08-11AR,
P11363,PEXFT,5/8 90 Brass F1807 PEX 90 Elbow,A08-11BR,
P11364,PEXFT,5/8x3/4 Brass F1807 PEX x Fem Cop ADPT,A08-11AR,
P11368,PEXFT,5/8x3/4 Brass F1807 PEX x FTG Male Cop Elbow,A08-11BR,
P11369,PEXFT,5/8 Brass F1807 PEX CPLG,A08-11AR,
P11370,PEXFT,5/8x1/2 Brass F1807 PEX x MIP ADPT,A08-11BR,
P13413,PPSU,3/4 PPSU F1807 PEX x FPT Swivel ADPT,D06-02BM,
P13444,PPSU,3/4x1/2 PPSU F1807 PEX Closed Manifold (2 Outlet),D06-02CR,
P13445,PPSU,3/4x1/2 PPSU F1807 PEX Open Manifold (2 Outlet),D06-02CR,
P13446,PPSU,3/4x1/2 PPSU F1807 PEX Closed Manifold (3 Outlet),D06-02CR,
P13447,PPSU,3/4x1/2 PPSU F1807 PEX Open Manifold (3 Outlet),D06-02CR,
P13448,PPSU,3/4x1/2 PPSU F1807 PEX Closed Manifold (4 Outlet),D06-02CR,
P13449,PPSU,3/4x1/2 PPSU F1807 PEX Open Manifold (4 Outlet),D06-02CR,
P13450,PPSU,3/4x1/2 PPSU F1807 PEX Closed Manifold (6 Outlet),D06-02CR,
P13451,PPSU,3/4x1/2 PPSU F1807 PEX Open Manifold (6 Outlet),D06-02CR,
P13452,PPSU,1x1/2 PPSU F1807 PEX Closed Manifold (6 Outlet),D06-02CR,
P13453,PPSU,1x1/2 PPSU F1807 PEX Open Manifold (6 Outlet),D06-02CR,
P13454,PPSU,1x3/4x1/2 PPSU F1807 PEX Open Manifold (6 Outlet),D06-02CR,
P13568,PPSU,1/2 PPSU F1807 x FPT Swivel 90 Elbow,D06-02CR,
P8564,PPSU,1/2 PPSU F1807 x FPT Swivel ADPT,D06-02BM,
P10396,PPSU,1/2 PPSU F1807 PEX x MPT ADPT,D06-02BR,
P10398,PPSU,1/2x3/4 PPSU F1807 PEX x MPT ADPT,D06-02CR,
P10399,PPSU,3/4x1/2 PPSU F1807 PEX x MPT ADPT,D06-02CR,
P10400,PPSU,3/4 PPSU F1807 PEX x MPT ADPT,D06-02BM,
P10401,PPSU,1 PPSU F1807 PEX x MPT ADPT,D06-02BM,
P10402,PPSU,1/2 PPSU F1807 PEX x FPT ADPT,D06-02AL,
P10403,PPSU,3/4 PPSU F1807 PEX x FPT ADPT,D06-02AL,
P10404,PPSU,1/2 PPSU F1807 PEX Tee,D06-01BR,
P10405,PPSU,3/4 PPSU F1807 PEX Tee,D06-01CL,
P10406,PPSU,1 PPSU F1807 PEX Tee,D06-02AM,
P10407,PPSU,1/2x1/2x3/4 PPSU F1807 PEX Tee,D06-02BR,
P10408,PPSU,3/4x1/2x1/2 PPSU F1807 PEX Tee,D06-02AR,
P10409,PPSU,3/4x1/2x3/4 PPSU F1807 PEX Tee,D06-02BR,
P10410,PPSU,3/4x3/4x1/2 PPSU F1807 PEX Tee,D06-01CM,D06-01CR
P10411,PPSU,1x3/4x3/4 PPSU F1807 PEX Tee,D06-02BR,
P10412,PPSU,1x1x1/2 PPSU F1807 PEX Tee,D06-02AL,
P10413,PPSU,1x1x3/4 PPSU F1807 PEX Tee,D06-02AL,
P10414,PPSU,1/2 PPSU F1807 PEX CPLG,D06-02BM,
P10415,PPSU,3/4 PPSU F1807 PEX CPLG,D06-02BL,
P10416,PPSU,1 PPSU F1807 PEX CPLG,D06-02BL,
P10417,PPSU,3/4x1/2 PPSU F1807 PEX Red. CPLG,D06-02BR,
P10418,PPSU,1/2 PPSU F1807 PEX 90 Elbow,D06-01AL,D06-01AM
P10419,PPSU,3/4x1/2 PPSU F1807 PEX 90 Elbow,D06-02AM,
P10420,PPSU,3/4 PPSU F1807 PEX 90 Elbow,D06-01AR,D06-01BL
P10421,PPSU,1 PPSU F1807 PEX 90 Elbow,D06-01BM,
P10422,PPSU,1/2 PPSU F1807 PEX Plug,D06-02AM,
P10423,PPSU,3/4 PPSU F1807 PEX Plug,D06-02BL,
P10424,PPSU,1 PPSU F1807 PEX Plug,D06-02BM,
P11221,PPSU,3/4x3/4x1 PPSU F1807 PEX Tee,D06-02CR,
P11332,PPSU,1x3/4 PPSU F1807 PEX Red. CPLG,D06-02AR,
P11454,PPSU,1x1/2 PPSU F1807 PEX CPLG,D06-02BM,
P11495,PPSU,1x3/4x1 PPSU F1807 PEX Tee,D06-02CR,
P13300,PUSH,1/2 Push CPLG,D10-01AR,
P13301,PUSH,3/4 Push CPLG,D10-01AL,
P13302,PUSH,1 Push CPLG,D10-01BR,
P13303,PUSH,1x3/4 Push Red. CPLG,D10-01AR,
P13304,PUSH,3/4x1/2 Push Red. CPLG,D10-01BR,
P13305,PUSH,3/4 Push Repair CPLG,D10-01AL,
P13306,PUSH,1/2 Push Repair CPLG,D10-01BR,
P13307,PUSH,1/2 Push x Fem ADPT,D10-01AR,
P13308,PUSH,3/4 Push x Fem ADPT,D10-01AL,
P13309,PUSH,1 Push x Fem ADPT,D10-01BR,
P13310,PUSH,1x3/4 Push x Fem ADPT,D10-01BR,
P13311,PUSH,1/2x3/4 Push x Fem ADPT,D10-01AR,
P13312,PUSH,1/2 Push x Male ADPT,D10-01BR,
P13313,PUSH,3/4 Push x Male ADPT,D10-01AR,
P13314,PUSH,1 Push x Male ADPT,D10-01BR,
P13315,PUSH,1x3/4 Push x Male ADPT,D10-01BR,
P13316,PUSH,1/2x3/4 Push x Male ADPT,D10-01BR,
P13317,PUSH,1/2 Push 90 Elbow,D10-01AL,
P13318,PUSH,3/4 Push 90 Elbow,D10-01AR,
P13319,PUSH,1 Push 90 Elbow,D10-01AL,
P13320,PUSH,1/2 Push x Fem Elbow,D10-01BR,
P13321,PUSH,3/4 Push x Fem Elbow,D10-01BR,
P13324,PUSH,1/2 Push x Male Elbow,D10-01BR,
P13325,PUSH,3/4 Push x Male Elbow,D10-01BR,
P13326,PUSH,3/4x1/2 Push 90 Elbow,D10-01AL,
P13327,PUSH,1/2 Push Drop Ear Elbow (PXFIP),D10-01BR,
P13328,PUSH,1/2 Push Tee,D10-01AL,
P13329,PUSH,3/4 Push Tee,D10-01AR,
P13330,PUSH,1 Push Tee,D10-01AL,
P13331,PUSH,3/4x1/2x1/2 Push Tee,D10-01BR,
P13332,PUSH,3/4x1/2x3/4 Push Tee,D10-01BR,
P13333,PUSH,3/4x3/4x1/2 Push Tee,D10-01AR,
P13334,PUSH,1x1x3/4 Push Tee,D10-01BR,
P13335,PUSH,3/4 Push Slip Tee,D10-01BR,
P13336,PUSH,1/2 Push Slip Tee,D10-01BR,
P13337,PUSH,1/2 Push End Stop,D10-01AR,
P13338,PUSH,3/4 Push End Stop,D10-01AR,
P13339,PUSH,1 Push End Stop,D10-01AL,
P13343,PUSH,1 Push Slip Clip Release Tool,D10-01BR,
P13344,PUSH,3/4 Push Slip Clip Release Tool,D10-01BR,
P13345,PUSH,1/2 Push Slip Clip Release Tool,D10-01BR,
P12330,PPSU,1x3/4 PPSU F1807 PEX 90 Elbow,D06-02CR,
P12332,PPSU,1x1/2x1 PPSU F1807 PEX Tee,D06-02CR,
P12526,PUSH,1 Push Transition CPLG,D10-01BR,
P12920,PUSH,1 Push 90 Elbow (Copper),D10-01BL,
P13061,EPEXFT,1 Brass F1960 EXPN PEX Drop Ear Elbow PEXxFIP,D04-05BR,
P13073,PUSH,1/2 Push Transition CPLG,D10-01BR,
P13074,PUSH,3/4 Push Transition CPLG,D10-01BR,
P13271,PUSH,1/2 Push Drop Ear Elbow (PXP),D10-01BR,
P13322,PUSH,3/4 Push x Fem Slip Tee,D10-01BR,
P13323,PUSH,1/2 Push x Fem Slip Tee,D10-01BR,
P13351,PUSH,1/2 Push CPLG (Copper),D10-01BL,
P13352,PUSH,3/4 Push CPLG (Copper),D10-01BL,
P13353,PUSH,3/4X1/2 Push Red. CPLG (Copper),D10-01BL,
P13354,PUSH,3/4 Push Repair CPLG (Copper),D10-01BL,
P13355,PUSH,1/2 Push Repair CPLG (Copper),D10-01BL,
P13356,PUSH,1/2 Push x Fem ADPT (Copper),D10-01BL,
P13357,PUSH,3/4 Push x Fem ADPT (Copper),D10-01BL,
P13358,PUSH,1/2x3/4 Push Fem ADPT (Copper),D10-01BL,
P13359,PUSH,1/2 Push x Male ADPT (Copper),D10-01BL,
P13360,PUSH,3/4 Push x Male ADPT (Copper),D10-01BL,
P13361,PUSH,1/2x3/4 Push x Male ADPT (Copper),D10-01BL,
P13362,PUSH,1/2 Push Elbow (Copper),D10-01BL,
P13363,PUSH,3/4 Push Elbow (Copper),D10-01BL,
P13364,PUSH,1/2 Push x Fem Elbow (Copper),D10-01BL,
P13365,PUSH,1/2 Push x Male Elbow (Copper),D10-01BL,
P13366,PUSH,3/4x1/2 Push Elbow (Copper),D10-01BL,
P13367,PUSH,1/2 Push Tee (Copper),D10-01BL,
P13368,PUSH,3/4 Push Tee (Copper),D10-01BL,
P13369,PUSH,3/4x3/4x1/2 Push Tee (Copper),D10-01BL,
P13370,PUSH,1/2 Push End Stop (Copper),D10-01BL,
P13371,PUSH,3/4 Push End Stop (Copper),D10-01BL,
P13372,PUSH,1/2 Push Slip Clip Release Tool (Copper),D10-01BL,
P13373,PUSH,3/4 Push Slip Clip Release Tool (Copper),D10-01BL,
P13399,PUSH,1/2 Push Check Valve,D10-01BR,
P13552,PUSH,3/4 Push Check Valve,D10-01BR,
P14567,PUSH,3/4 Push Drop Ear Elbow (PxFIP),D10-01BR,
P18550,PEXAC,5/16 to 5/8 All SS Gear Clamp (5/16 Band & Screw) (10-Pack),D10-02BR,
P18551,PEXAC,5/16 to 7/8 All SS Gear Clamp (5/16 Band & Screw) (10-Pack),D10-02BR,
P18552,PEXAC,3/8 to 7/8 All SS Gear Clamp (1/2 Band & Screw) (10-Pack),D10-02BR,
P18553,PEXAC,3/8 to 1 All SS Gear Clamp (1/2 Band & Screw) (10-Pack),D10-02BR,
P18554,PEXAC,1/2 to 1-1/16 All SS Gear Clamp (1/2 Band & Screw) (10-Pack),D10-02BR,
P18555,PEXAC,1/2 to 1-1/4 All SS Gear Clamp (1/2 Band & Screw) (10-Pack),D10-02BR,
P18556,PEXAC,3/4 to 1-1/2 All SS Gear Clamp (1/2 Band & Screw) (10-Pack),D10-02BR,
P18557,PEXAC,3/4 to 1-3/4 All SS Gear Clamp (1/2 Band & Screw) (10-Pack),D10-02BR,
P18558,PEXAC,1 to 2 All SS Gear Clamp (1/2 Band & Screw) (10-Pack),D10-02BR,
P18559,PEXAC,1 to 2-1/4 All SS Gear Clamp (1/2 Band & Screw) (10-Pack),D10-02BR,
P18560,PEXAC,1-1/4 to 2-1/2 All SS Gear Clamp (1/2 Band & Screw) (10-Pack),D10-02BR,
P18561,PEXAC,3/4 to 2-3/4 All SS Gear Clamp (1/2 Band & Screw) (10-Pack),D10-02BR,
P18562,PEXAC,1 to 3-1/4 All SS Gear Clamp (1/2 Band & Screw) (10-Pack),D10-02BR,
P18563,PEXAC,1-1/4 to 3-1/2 All SS Gear Clamp (1/2 Band & Screw) (10-Pack),D10-02BR,
P18564,PEXAC,1-1/2 to 3-3/4 All SS Gear Clamp (1/2 Band & Screw) (10-Pack),D10-02BR,
P18565,PEXAC,2-1/4 to 4-1/2 All SS Gear Clamp (1/2 Band & Screw) (10-Pack),D10-02BR,
P18566,PEXAC,2-3/4 to 5 All SS Gear Clamp (1/2 Band & Screw) (10-Pack),D10-02BR,
P18567,PEXAC,3-3/4 to 6 All SS Gear Clamp (1/2 Band & Screw) (10-Pack),D10-02BR,
P18568,PEXAC,4-3/4 to 7 All SS Gear Clamp (1/2 Band & Screw) (10-Pack),D10-02BR,
P23302,EPEXFT,2 Brass F1960 EXPN PEX x FIP ADPT,D04-05BR,
